[{"model": "backend.userprofile", "pk": 1, "fields": {"user": 2, "uuid": "668e1384-32da-4ea2-8b51-012af7b1380c"}}, {"model": "backend.userprofile", "pk": 2, "fields": {"user": 3, "uuid": "562b4d3c-2156-43cd-a022-2f0b545ee5c6"}}, {"model": "backend.userprofile", "pk": 3, "fields": {"user": 4, "uuid": "fda1ff1d-8d0a-4b2e-9f1d-ec2a926e7145"}}, {"model": "backend.container", "pk": 1, "fields": {"ip_address": "127.0.0.1", "port": 8001, "available": true, "name": "container1", "init_script": ""}}, {"model": "backend.container", "pk": 2, "fields": {"ip_address": "127.0.0.1", "port": 8002, "available": true, "name": "container2", "init_script": ""}}, {"model": "backend.container", "pk": 3, "fields": {"ip_address": "127.0.0.1", "port": 8003, "available": false, "name": "container3", "init_script": ""}}, {"model": "backend.devicetype", "pk": "2a05ff77-3c82-4cd8-b829-d99911b26434", "fields": {"make": "Xilinx", "model": "TE0712-02-100-2C3", "description": "Moduł z układem Xilinx Artix-7 100T, pamięcią FLASH o pojemności 32 MB, pamięcią RAM o pojemności 1GB i kontrolerem Ethernet 10/100 Mbit."}}, {"model": "backend.devicetype", "pk": "a338dbd1-243a-4011-8a5b-60befba7753a", "fields": {"make": "AMD", "model": "Pynq-Z2", "description": "FPGA platform"}}, {"model": "backend.devicetype", "pk": "fab3d97c-6f07-4e22-a550-19bded6b9568", "fields": {"make": "Digilent", "model": "Analog Discovery 3", "description": "Cyfrowy oscyloskop, analizator logiczny, generator przebiegów i programowany zasilacz w jednym."}}, {"model": "backend.device", "pk": "292395da-1d40-4269-bb1d-e5c2936e5198", "fields": {"device_type": "a338dbd1-243a-4011-8a5b-60befba7753a", "device_path": "/dev/pynq0"}}, {"model": "backend.device", "pk": "7b36938a-d512-4cdc-a440-5b14994801fa", "fields": {"device_type": "fab3d97c-6f07-4e22-a550-19bded6b9568", "device_path": "/dev/osc1"}}, {"model": "backend.device", "pk": "7bd8b4c8-d26f-41da-93d9-9e55351649a3", "fields": {"device_type": "2a05ff77-3c82-4cd8-b829-d99911b26434", "device_path": "/dev/artix1"}}, {"model": "backend.device", "pk": "9a14afcf-c79f-4824-a259-46200831b79b", "fields": {"device_type": "2a05ff77-3c82-4cd8-b829-d99911b26434", "device_path": "/dev/artix0"}}, {"model": "backend.device", "pk": "a3333ae8-0d98-4440-ba50-5e693b493b83", "fields": {"device_type": "a338dbd1-243a-4011-8a5b-60befba7753a", "device_path": "/dev/pynq1"}}, {"model": "backend.device", "pk": "c3ee3a76-c345-4dde-a60a-bc9d7e003d10", "fields": {"device_type": "fab3d97c-6f07-4e22-a550-19bded6b9568", "device_path": "/dev/osc0"}}, {"model": "backend.reservation", "pk": "6888d067-a737-424d-9560-0fa69d0abe7e", "fields": {"created_at": "2025-01-26T13:07:18.218", "valid_since": "2025-01-01T12:00:00", "valid_until": "2025-01-01T23:00:00", "container": 1, "user": 4, "root_password": "zaq1@WSX", "status": "PD"}}, {"model": "backend.reservation", "pk": "888a6661-ca0c-44a8-ab7c-20dc16a2bfd5", "fields": {"created_at": "2025-01-26T13:05:50.205", "valid_since": "2025-01-28T00:00:00", "valid_until": "2025-01-28T12:00:00", "container": 1, "user": 3, "root_password": "zaq1@WSX", "status": "PD"}}, {"model": "backend.reservation", "pk": "96b7be72-b515-4ac0-945d-35a082a4c9da", "fields": {"created_at": "2025-01-26T13:06:47.696", "valid_since": "2025-01-28T12:00:00", "valid_until": "2025-01-28T23:00:00", "container": 1, "user": 3, "root_password": "zaq1@WSX", "status": "PD"}}, {"model": "backend.reservation", "pk": "ddd1fff3-f986-4ef7-ab76-5d6d59ca9ecf", "fields": {"created_at": "2025-01-26T13:02:44.419", "valid_since": "2025-01-30T16:00:00", "valid_until": "2025-01-30T19:00:00", "container": 2, "user": 2, "root_password": "1qaz@WSX!", "status": "PD"}}, {"model": "backend.reservation", "pk": "f47dbcde-1d47-47ec-a46e-a3afb623e0ee", "fields": {"created_at": "2025-01-26T13:01:30.793", "valid_since": "2025-01-29T14:00:00", "valid_until": "2025-01-29T17:00:00", "container": 2, "user": 2, "root_password": "1qaz@WSX!", "status": "PD"}}, {"model": "backend.device_reservation", "pk": "0748f7e0-545c-4952-bfc3-59429e3491bd", "fields": {"device": "292395da-1d40-4269-bb1d-e5c2936e5198", "reservation": "f47dbcde-1d47-47ec-a46e-a3afb623e0ee"}}, {"model": "backend.device_reservation", "pk": "21fd48ab-c25d-461b-9b6d-4ff1a5c67207", "fields": {"device": "7b36938a-d512-4cdc-a440-5b14994801fa", "reservation": "888a6661-ca0c-44a8-ab7c-20dc16a2bfd5"}}, {"model": "backend.device_reservation", "pk": "2b73efe4-c196-4595-ada1-16b3a3f6ab5b", "fields": {"device": "7bd8b4c8-d26f-41da-93d9-9e55351649a3", "reservation": "6888d067-a737-424d-9560-0fa69d0abe7e"}}, {"model": "backend.device_reservation", "pk": "3ac6c951-cdbf-440e-ae29-d6595e97cbef", "fields": {"device": "c3ee3a76-c345-4dde-a60a-bc9d7e003d10", "reservation": "888a6661-ca0c-44a8-ab7c-20dc16a2bfd5"}}, {"model": "backend.device_reservation", "pk": "6f4edd31-716a-4bcb-86e9-e859c80b4a65", "fields": {"device": "292395da-1d40-4269-bb1d-e5c2936e5198", "reservation": "6888d067-a737-424d-9560-0fa69d0abe7e"}}, {"model": "backend.device_reservation", "pk": "767758f7-495d-43a6-b0fb-d6cc08c21025", "fields": {"device": "7b36938a-d512-4cdc-a440-5b14994801fa", "reservation": "ddd1fff3-f986-4ef7-ab76-5d6d59ca9ecf"}}, {"model": "backend.device_reservation", "pk": "9a0a4d6e-8392-432d-86ac-f07bb1dec243", "fields": {"device": "7b36938a-d512-4cdc-a440-5b14994801fa", "reservation": "f47dbcde-1d47-47ec-a46e-a3afb623e0ee"}}, {"model": "backend.device_reservation", "pk": "bb001e9c-c412-4c3d-ad77-53e1cab88de1", "fields": {"device": "7bd8b4c8-d26f-41da-93d9-9e55351649a3", "reservation": "ddd1fff3-f986-4ef7-ab76-5d6d59ca9ecf"}}, {"model": "backend.device_reservation", "pk": "c840ef29-90ce-429e-8f5e-adf5c322e674", "fields": {"device": "7bd8b4c8-d26f-41da-93d9-9e55351649a3", "reservation": "96b7be72-b515-4ac0-945d-35a082a4c9da"}}, {"model": "backend.device_reservation", "pk": "ddab1424-5190-4d44-85a6-8369866babda", "fields": {"device": "292395da-1d40-4269-bb1d-e5c2936e5198", "reservation": "96b7be72-b515-4ac0-945d-35a082a4c9da"}}, {"model": "auth.permission", "pk": 1, "fields": {"name": "Can add container", "content_type": 1, "codename": "add_container"}}, {"model": "auth.permission", "pk": 2, "fields": {"name": "Can change container", "content_type": 1, "codename": "change_container"}}, {"model": "auth.permission", "pk": 3, "fields": {"name": "Can delete container", "content_type": 1, "codename": "delete_container"}}, {"model": "auth.permission", "pk": 4, "fields": {"name": "Can view container", "content_type": 1, "codename": "view_container"}}, {"model": "auth.permission", "pk": 5, "fields": {"name": "Can add device", "content_type": 2, "codename": "add_device"}}, {"model": "auth.permission", "pk": 6, "fields": {"name": "Can change device", "content_type": 2, "codename": "change_device"}}, {"model": "auth.permission", "pk": 7, "fields": {"name": "Can delete device", "content_type": 2, "codename": "delete_device"}}, {"model": "auth.permission", "pk": 8, "fields": {"name": "Can view device", "content_type": 2, "codename": "view_device"}}, {"model": "auth.permission", "pk": 9, "fields": {"name": "Can add device_ reservation", "content_type": 3, "codename": "add_device_reservation"}}, {"model": "auth.permission", "pk": 10, "fields": {"name": "Can change device_ reservation", "content_type": 3, "codename": "change_device_reservation"}}, {"model": "auth.permission", "pk": 11, "fields": {"name": "Can delete device_ reservation", "content_type": 3, "codename": "delete_device_reservation"}}, {"model": "auth.permission", "pk": 12, "fields": {"name": "Can view device_ reservation", "content_type": 3, "codename": "view_device_reservation"}}, {"model": "auth.permission", "pk": 13, "fields": {"name": "Can add device type", "content_type": 4, "codename": "add_devicetype"}}, {"model": "auth.permission", "pk": 14, "fields": {"name": "Can change device type", "content_type": 4, "codename": "change_devicetype"}}, {"model": "auth.permission", "pk": 15, "fields": {"name": "Can delete device type", "content_type": 4, "codename": "delete_devicetype"}}, {"model": "auth.permission", "pk": 16, "fields": {"name": "Can view device type", "content_type": 4, "codename": "view_devicetype"}}, {"model": "auth.permission", "pk": 17, "fields": {"name": "Can add user profile", "content_type": 5, "codename": "add_userprofile"}}, {"model": "auth.permission", "pk": 18, "fields": {"name": "Can change user profile", "content_type": 5, "codename": "change_userprofile"}}, {"model": "auth.permission", "pk": 19, "fields": {"name": "Can delete user profile", "content_type": 5, "codename": "delete_userprofile"}}, {"model": "auth.permission", "pk": 20, "fields": {"name": "Can view user profile", "content_type": 5, "codename": "view_userprofile"}}, {"model": "auth.permission", "pk": 21, "fields": {"name": "Can add reservation", "content_type": 6, "codename": "add_reservation"}}, {"model": "auth.permission", "pk": 22, "fields": {"name": "Can change reservation", "content_type": 6, "codename": "change_reservation"}}, {"model": "auth.permission", "pk": 23, "fields": {"name": "Can delete reservation", "content_type": 6, "codename": "delete_reservation"}}, {"model": "auth.permission", "pk": 24, "fields": {"name": "Can view reservation", "content_type": 6, "codename": "view_reservation"}}, {"model": "auth.permission", "pk": 25, "fields": {"name": "Can add offence", "content_type": 7, "codename": "add_offence"}}, {"model": "auth.permission", "pk": 26, "fields": {"name": "Can change offence", "content_type": 7, "codename": "change_offence"}}, {"model": "auth.permission", "pk": 27, "fields": {"name": "Can delete offence", "content_type": 7, "codename": "delete_offence"}}, {"model": "auth.permission", "pk": 28, "fields": {"name": "Can view offence", "content_type": 7, "codename": "view_offence"}}, {"model": "auth.permission", "pk": 29, "fields": {"name": "Can add log entry", "content_type": 8, "codename": "add_logentry"}}, {"model": "auth.permission", "pk": 30, "fields": {"name": "Can change log entry", "content_type": 8, "codename": "change_logentry"}}, {"model": "auth.permission", "pk": 31, "fields": {"name": "Can delete log entry", "content_type": 8, "codename": "delete_logentry"}}, {"model": "auth.permission", "pk": 32, "fields": {"name": "Can view log entry", "content_type": 8, "codename": "view_logentry"}}, {"model": "auth.permission", "pk": 33, "fields": {"name": "Can add permission", "content_type": 9, "codename": "add_permission"}}, {"model": "auth.permission", "pk": 34, "fields": {"name": "Can change permission", "content_type": 9, "codename": "change_permission"}}, {"model": "auth.permission", "pk": 35, "fields": {"name": "Can delete permission", "content_type": 9, "codename": "delete_permission"}}, {"model": "auth.permission", "pk": 36, "fields": {"name": "Can view permission", "content_type": 9, "codename": "view_permission"}}, {"model": "auth.permission", "pk": 37, "fields": {"name": "Can add group", "content_type": 10, "codename": "add_group"}}, {"model": "auth.permission", "pk": 38, "fields": {"name": "Can change group", "content_type": 10, "codename": "change_group"}}, {"model": "auth.permission", "pk": 39, "fields": {"name": "Can delete group", "content_type": 10, "codename": "delete_group"}}, {"model": "auth.permission", "pk": 40, "fields": {"name": "Can view group", "content_type": 10, "codename": "view_group"}}, {"model": "auth.permission", "pk": 41, "fields": {"name": "Can add user", "content_type": 11, "codename": "add_user"}}, {"model": "auth.permission", "pk": 42, "fields": {"name": "Can change user", "content_type": 11, "codename": "change_user"}}, {"model": "auth.permission", "pk": 43, "fields": {"name": "Can delete user", "content_type": 11, "codename": "delete_user"}}, {"model": "auth.permission", "pk": 44, "fields": {"name": "Can view user", "content_type": 11, "codename": "view_user"}}, {"model": "auth.permission", "pk": 45, "fields": {"name": "Can add content type", "content_type": 12, "codename": "add_contenttype"}}, {"model": "auth.permission", "pk": 46, "fields": {"name": "Can change content type", "content_type": 12, "codename": "change_contenttype"}}, {"model": "auth.permission", "pk": 47, "fields": {"name": "Can delete content type", "content_type": 12, "codename": "delete_contenttype"}}, {"model": "auth.permission", "pk": 48, "fields": {"name": "Can view content type", "content_type": 12, "codename": "view_contenttype"}}, {"model": "auth.permission", "pk": 49, "fields": {"name": "Can add session", "content_type": 13, "codename": "add_session"}}, {"model": "auth.permission", "pk": 50, "fields": {"name": "Can change session", "content_type": 13, "codename": "change_session"}}, {"model": "auth.permission", "pk": 51, "fields": {"name": "Can delete session", "content_type": 13, "codename": "delete_session"}}, {"model": "auth.permission", "pk": 52, "fields": {"name": "Can view session", "content_type": 13, "codename": "view_session"}}, {"model": "auth.permission", "pk": 53, "fields": {"name": "Can add blacklisted token", "content_type": 14, "codename": "add_blacklistedtoken"}}, {"model": "auth.permission", "pk": 54, "fields": {"name": "Can change blacklisted token", "content_type": 14, "codename": "change_blacklistedtoken"}}, {"model": "auth.permission", "pk": 55, "fields": {"name": "Can delete blacklisted token", "content_type": 14, "codename": "delete_blacklistedtoken"}}, {"model": "auth.permission", "pk": 56, "fields": {"name": "Can view blacklisted token", "content_type": 14, "codename": "view_blacklistedtoken"}}, {"model": "auth.permission", "pk": 57, "fields": {"name": "Can add outstanding token", "content_type": 15, "codename": "add_outstandingtoken"}}, {"model": "auth.permission", "pk": 58, "fields": {"name": "Can change outstanding token", "content_type": 15, "codename": "change_outstandingtoken"}}, {"model": "auth.permission", "pk": 59, "fields": {"name": "Can delete outstanding token", "content_type": 15, "codename": "delete_outstandingtoken"}}, {"model": "auth.permission", "pk": 60, "fields": {"name": "Can view outstanding token", "content_type": 15, "codename": "view_outstandingtoken"}}, {"model": "auth.user", "pk": 1, "fields": {"password": "argon2$argon2id$v=19$m=102400,t=2,p=8$MDlyY1gwR3NPWW1RTkMzVmJnbERzTA$mhwCuCwpaFmWG9q/Ke64/WCCSUZS2CmUrnQF8AGRE4M", "last_login": null, "is_superuser": true, "username": "admin", "first_name": "", "last_name": "", "email": "admin@rls.pl", "is_staff": true, "is_active": true, "date_joined": "2025-01-26T12:29:19.594", "groups": [], "user_permissions": []}}, {"model": "auth.user", "pk": 2, "fields": {"password": "argon2$argon2id$v=19$m=102400,t=2,p=8$eDFKS2xGYlF1Y3JrYmtsUE1rNG5KYw$0eAz8I8uurU7t2rH+d+7ShWeX1KkhVk1r212mgUzYPI", "last_login": null, "is_superuser": false, "username": "testuser1", "first_name": "Imie1", "last_name": "Nazwisko1", "email": "a@1.com", "is_staff": false, "is_active": true, "date_joined": "2025-01-26T12:30:28.996", "groups": [], "user_permissions": []}}, {"model": "auth.user", "pk": 3, "fields": {"password": "argon2$argon2id$v=19$m=102400,t=2,p=8$N2hCdzRuZ0tvMU9aUVVKV1ZXOTN4WA$H9ku2cRFv/SUjxMOZLnr8hyfjWL4uhO8kj6TQUIENwM", "last_login": null, "is_superuser": false, "username": "testuser2", "first_name": "Imie2", "last_name": "Nazwisko2", "email": "a@2.com", "is_staff": false, "is_active": true, "date_joined": "2025-01-26T12:30:42.228", "groups": [], "user_permissions": []}}, {"model": "auth.user", "pk": 4, "fields": {"password": "argon2$argon2id$v=19$m=102400,t=2,p=8$cmNqSXFUMTJUMHZjOXVzOVVwREhIaA$z+UTKHTlAjlEtSYEAWP2AGtDaleLgGZAKT8Bn3T7Fcc", "last_login": null, "is_superuser": false, "username": "testuser3", "first_name": "Imie3", "last_name": "Nazwisko3", "email": "a@3.com", "is_staff": false, "is_active": true, "date_joined": "2025-01-26T12:30:53.983", "groups": [], "user_permissions": []}}, {"model": "contenttypes.contenttype", "pk": 1, "fields": {"app_label": "backend", "model": "container"}}, {"model": "contenttypes.contenttype", "pk": 2, "fields": {"app_label": "backend", "model": "device"}}, {"model": "contenttypes.contenttype", "pk": 3, "fields": {"app_label": "backend", "model": "device_reservation"}}, {"model": "contenttypes.contenttype", "pk": 4, "fields": {"app_label": "backend", "model": "devicetype"}}, {"model": "contenttypes.contenttype", "pk": 5, "fields": {"app_label": "backend", "model": "userprofile"}}, {"model": "contenttypes.contenttype", "pk": 6, "fields": {"app_label": "backend", "model": "reservation"}}, {"model": "contenttypes.contenttype", "pk": 7, "fields": {"app_label": "backend", "model": "offence"}}, {"model": "contenttypes.contenttype", "pk": 8, "fields": {"app_label": "admin", "model": "logentry"}}, {"model": "contenttypes.contenttype", "pk": 9, "fields": {"app_label": "auth", "model": "permission"}}, {"model": "contenttypes.contenttype", "pk": 10, "fields": {"app_label": "auth", "model": "group"}}, {"model": "contenttypes.contenttype", "pk": 11, "fields": {"app_label": "auth", "model": "user"}}, {"model": "contenttypes.contenttype", "pk": 12, "fields": {"app_label": "contenttypes", "model": "contenttype"}}, {"model": "contenttypes.contenttype", "pk": 13, "fields": {"app_label": "sessions", "model": "session"}}, {"model": "contenttypes.contenttype", "pk": 14, "fields": {"app_label": "token_blacklist", "model": "blacklistedtoken"}}, {"model": "contenttypes.contenttype", "pk": 15, "fields": {"app_label": "token_blacklist", "model": "outstandingtoken"}}, {"model": "token_blacklist.outstandingtoken", "pk": 1, "fields": {"user": 2, "jti": "dee849b30d324c75beae8bf2afacffae", "token": "eyJhbGciOiJIUzI1NiIsInR5cCI6IkpXVCJ9.eyJ0b2tlbl90eXBlIjoicmVmcmVzaCIsImV4cCI6MTczNzk3NzQ4MCwiaWF0IjoxNzM3ODkxMDgwLCJqdGkiOiJkZWU4NDliMzBkMzI0Yzc1YmVhZThiZjJhZmFjZmZhZSIsInVzZXJfaWQiOjJ9.vrPTjnuxH8Zi4AT5eGBKVoCrmxly5Kku24m3viMxI60", "created_at": "2025-01-26T11:31:20.317", "expires_at": "2025-01-27T11:31:20"}}, {"model": "token_blacklist.outstandingtoken", "pk": 2, "fields": {"user": 1, "jti": "ccee3a429bea47fa8fd27c5c1faba361", "token": "eyJhbGciOiJIUzI1NiIsInR5cCI6IkpXVCJ9.eyJ0b2tlbl90eXBlIjoicmVmcmVzaCIsImV4cCI6MTczNzk3NzQ5NiwiaWF0IjoxNzM3ODkxMDk2LCJqdGkiOiJjY2VlM2E0MjliZWE0N2ZhOGZkMjdjNWMxZmFiYTM2MSIsInVzZXJfaWQiOjF9.UtSJ0m2j3YmulBQ8DV_BIsH7A0zyp-5begp3mPuZiyg", "created_at": "2025-01-26T11:31:36.452", "expires_at": "2025-01-27T11:31:36"}}, {"model": "token_blacklist.outstandingtoken", "pk": 3, "fields": {"user": 1, "jti": "5dd9dc205cea42a1af30e60b4de82177", "token": "eyJhbGciOiJIUzI1NiIsInR5cCI6IkpXVCJ9.eyJ0b2tlbl90eXBlIjoicmVmcmVzaCIsImV4cCI6MTczNzk3ODM4NiwiaWF0IjoxNzM3ODkxOTg2LCJqdGkiOiI1ZGQ5ZGMyMDVjZWE0MmExYWYzMGU2MGI0ZGU4MjE3NyIsInVzZXJfaWQiOjF9.LRWU4PBZkvEDSthYO9TFNbcN7B_vHqiiFq5F4fZtstk", "created_at": "2025-01-26T11:46:26.323", "expires_at": "2025-01-27T11:46:26"}}, {"model": "token_blacklist.outstandingtoken", "pk": 4, "fields": {"user": 2, "jti": "0b0bf017711440e6aa58fc04642d2411", "token": "eyJhbGciOiJIUzI1NiIsInR5cCI6IkpXVCJ9.eyJ0b2tlbl90eXBlIjoicmVmcmVzaCIsImV4cCI6MTczNzk3OTAwOSwiaWF0IjoxNzM3ODkyNjA5LCJqdGkiOiIwYjBiZjAxNzcxMTQ0MGU2YWE1OGZjMDQ2NDJkMjQxMSIsInVzZXJfaWQiOjJ9.1pKw4LGhZhuQXQ-msV6qAnOD-zIkVHREFDsm4njGobU", "created_at": "2025-01-26T11:56:49.225", "expires_at": "2025-01-27T11:56:49"}}, {"model": "token_blacklist.outstandingtoken", "pk": 5, "fields": {"user": 1, "jti": "854aec514af942eab825364dd2a9a1e1", "token": "eyJhbGciOiJIUzI1NiIsInR5cCI6IkpXVCJ9.eyJ0b2tlbl90eXBlIjoicmVmcmVzaCIsImV4cCI6MTczNzk3OTA0MCwiaWF0IjoxNzM3ODkyNjQwLCJqdGkiOiI4NTRhZWM1MTRhZjk0MmVhYjgyNTM2NGRkMmE5YTFlMSIsInVzZXJfaWQiOjF9.RrKEOpYhnD0xdGH3TMbWa34JcTdPE-9LHQGeaLrzgS4", "created_at": "2025-01-26T11:57:20.422", "expires_at": "2025-01-27T11:57:20"}}, {"model": "token_blacklist.outstandingtoken", "pk": 6, "fields": {"user": 2, "jti": "a7319a7430db41ab99ceb264d42ce3b7", "token": "eyJhbGciOiJIUzI1NiIsInR5cCI6IkpXVCJ9.eyJ0b2tlbl90eXBlIjoicmVmcmVzaCIsImV4cCI6MTczNzk3OTA2MCwiaWF0IjoxNzM3ODkyNjYwLCJqdGkiOiJhNzMxOWE3NDMwZGI0MWFiOTljZWIyNjRkNDJjZTNiNyIsInVzZXJfaWQiOjJ9.aV8rh9z9WND7nKX-nt0hspqhJIHX4UWdKzzDfnYYaNE", "created_at": "2025-01-26T11:57:40.505", "expires_at": "2025-01-27T11:57:40"}}, {"model": "token_blacklist.outstandingtoken", "pk": 7, "fields": {"user": 1, "jti": "0c22577d87b041e58eb277e3fe347bca", "token": "eyJhbGciOiJIUzI1NiIsInR5cCI6IkpXVCJ9.eyJ0b2tlbl90eXBlIjoicmVmcmVzaCIsImV4cCI6MTczNzk3OTExMiwiaWF0IjoxNzM3ODkyNzEyLCJqdGkiOiIwYzIyNTc3ZDg3YjA0MWU1OGViMjc3ZTNmZTM0N2JjYSIsInVzZXJfaWQiOjF9.z520tYcIPEfoo_3-2m1TQOeWDryowXDDv7MQ9ySuhmo", "created_at": "2025-01-26T11:58:32.770", "expires_at": "2025-01-27T11:58:32"}}, {"model": "token_blacklist.outstandingtoken", "pk": 8, "fields": {"user": 2, "jti": "dfdafd3a24a34c778861988d44351818", "token": "eyJhbGciOiJIUzI1NiIsInR5cCI6IkpXVCJ9.eyJ0b2tlbl90eXBlIjoicmVmcmVzaCIsImV4cCI6MTczNzk3OTEyOCwiaWF0IjoxNzM3ODkyNzI4LCJqdGkiOiJkZmRhZmQzYTI0YTM0Yzc3ODg2MTk4OGQ0NDM1MTgxOCIsInVzZXJfaWQiOjJ9.24hLjBiZm5eEq_pntXY6pfxpsAxr2VTu3AxxXmu-bIc", "created_at": "2025-01-26T11:58:48.854", "expires_at": "2025-01-27T11:58:48"}}, {"model": "token_blacklist.outstandingtoken", "pk": 9, "fields": {"user": 3, "jti": "457285c2c65a4250b7a73a2e88461514", "token": "eyJhbGciOiJIUzI1NiIsInR5cCI6IkpXVCJ9.eyJ0b2tlbl90eXBlIjoicmVmcmVzaCIsImV4cCI6MTczNzk3OTM3MywiaWF0IjoxNzM3ODkyOTczLCJqdGkiOiI0NTcyODVjMmM2NWE0MjUwYjdhNzNhMmU4ODQ2MTUxNCIsInVzZXJfaWQiOjN9.Xc-HNVU4JwHbbHSsTlTdC1MAFdKZ3XeLAky6KE1MNxI", "created_at": "2025-01-26T12:02:53.320", "expires_at": "2025-01-27T12:02:53"}}, {"model": "token_blacklist.outstandingtoken", "pk": 10, "fields": {"user": 3, "jti": "c50499e7519d4c1eb9b3003da71b4b42", "token": "eyJhbGciOiJIUzI1NiIsInR5cCI6IkpXVCJ9.eyJ0b2tlbl90eXBlIjoicmVmcmVzaCIsImV4cCI6MTczNzk3OTQyNSwiaWF0IjoxNzM3ODkzMDI1LCJqdGkiOiJjNTA0OTllNzUxOWQ0YzFlYjliMzAwM2RhNzFiNGI0MiIsInVzZXJfaWQiOjN9.2UssoYrTOW9Xy72qQ8qzm6GjHpuKEVAAEz5VMx3W0Ls", "created_at": "2025-01-26T12:03:45.472", "expires_at": "2025-01-27T12:03:45"}}, {"model": "token_blacklist.outstandingtoken", "pk": 11, "fields": {"user": 4, "jti": "a6240205df3c49e6bee1285d048c31a5", "token": "eyJhbGciOiJIUzI1NiIsInR5cCI6IkpXVCJ9.eyJ0b2tlbl90eXBlIjoicmVmcmVzaCIsImV4cCI6MTczNzk3OTYxNiwiaWF0IjoxNzM3ODkzMjE2LCJqdGkiOiJhNjI0MDIwNWRmM2M0OWU2YmVlMTI4NWQwNDhjMzFhNSIsInVzZXJfaWQiOjR9.Mkt8b_sJsOvm9XtN-tXLTrNI9pz7-xalO_O2meHAbb0", "created_at": "2025-01-26T12:06:56.074", "expires_at": "2025-01-27T12:06:56"}}]